30.11.2025;Ýþyeri no:000000000771359,Tutar : 619 Komisyon : 0,Bloke No : 1785124359, BT: 14/11/2025, ÇT:29/11/2025;619,00;5.417.206,52
30.11.2025;Ýþyeri no:000000000771359,Tutar : 1588 Komisyon : 0,Bloke No : 1785124358, BT: 14/11/2025, ÇT:29/11/2025;1588,00;5.416.587,52
30.11.2025;Ýþyeri no:000000000771359,Tutar : 1574 Komisyon : 0,Bloke No : 1785124357, BT: 14/11/2025, ÇT:29/11/2025;1574,00;5.414.999,52
30.11.2025;Ýþyeri no:000000000771359,Tutar : 390 Komisyon : 0,Bloke No : 1755552259, BT: 01/11/2025, ÇT:29/11/2025;390,00;5.413.425,52
30.11.2025;Ýþyeri no:000000000771359,Tutar : 3512 Komisyon : 0,Bloke No : 1755552257, BT: 01/11/2025, ÇT:29/11/2025;3512,00;5.413.035,52
30.11.2025;Ýþyeri no:000000000771359,Tutar : 2038 Komisyon : 0,Bloke No : 1755552255, BT: 01/11/2025, ÇT:29/11/2025;2038,00;5.409.523,52
30.11.2025;Ýþyeri no:000000000771359,Tutar : 72,94 Komisyon : 0,Bloke No : 1750839680, BT: 30/10/2025, ÇT:29/11/2025;72,94;5.407.485,52
30.11.2025;Ýþyeri no:000000000771359,Tutar : 336,6 Komisyon : 0,Bloke No : 1750839676, BT: 30/10/2025, ÇT:29/11/2025;336,60;5.407.412,58
30.11.2025;Ýþyeri no:000000000771359,Tutar : 90 Komisyon : 0,Bloke No : 1750839675, BT: 30/10/2025, ÇT:29/11/2025;90,00;5.407.075,98
30.11.2025;Ýþyeri no:000000000771359,Tutar : 486 Komisyon : 0,Bloke No : 1750839667, BT: 30/10/2025, ÇT:29/11/2025;486,00;5.406.985,98
30.11.2025;Ýþyeri no:000000000771359,Tutar : 15 Komisyon : 0,Bloke No : 1750839666, BT: 30/10/2025, ÇT:29/11/2025;15,00;5.406.499,98
30.11.2025;Ýþyeri no:000000000771359,Tutar : 89 Komisyon : 0,Bloke No : 1750839664, BT: 30/10/2025, ÇT:29/11/2025;89,00;5.406.484,98
30.11.2025;Ýþyeri no:000000000771359,Tutar : 1747,9 Komisyon : 0,Bloke No : 1785124354, BT: 14/11/2025, ÇT:29/11/2025;1747,90;5.406.395,98
30.11.2025;Ýþyeri no:000000000771359,Tutar : 10439,85 Komisyon : 0,Bloke No : 1785124352, BT: 14/11/2025, ÇT:29/11/2025;10439,85;5.404.648,08
30.11.2025;Ýþyeri no:000000000771359,Tutar : 7344,12 Komisyon : 0,Bloke No : 1785124349, BT: 14/11/2025, ÇT:29/11/2025;7344,12;5.394.208,23
30.11.2025;Ýþyeri no:000000000771359,Tutar : 1736,2 Komisyon : 0,Bloke No : 1785124348, BT: 14/11/2025, ÇT:29/11/2025;1736,20;5.386.864,11
30.11.2025;Ýþyeri no:000000000771359,Tutar : 91 Komisyon : 0,Bloke No : 1750839678, BT: 30/10/2025, ÇT:29/11/2025;91,00;5.385.127,91
30.11.2025;Ýþyeri no:000000000771359,Tutar : 2137,6 Komisyon : 0,Bloke No : 1750839673, BT: 30/10/2025, ÇT:29/11/2025;2137,60;5.385.036,91
30.11.2025;Ýþyeri no:000000000771359,Tutar : 2246 Komisyon : 0,Bloke No : 1750839671, BT: 30/10/2025, ÇT:29/11/2025;2246,00;5.382.899,31
30.11.2025;Ýþyeri no:000000000771359,Tutar : 9449,64 Komisyon : 0,Bloke No : 1750839669, BT: 30/10/2025, ÇT:29/11/2025;9449,64;5.380.653,31
30.11.2025;Ýþyeri no:000000000771359,Tutar : 2935,4 Komisyon : 0,Bloke No : 1750839668, BT: 30/10/2025, ÇT:29/11/2025;2935,40;5.371.203,67
30.11.2025;Ýþyeri no:000000000771359,Tutar : 48 Komisyon : 0,Bloke No : 1750839662, BT: 30/10/2025, ÇT:29/11/2025;48,00;5.368.268,27
30.11.2025;Ýþyeri no:000000000771359,Tutar : 5411,7 Komisyon : 0,Bloke No : 1750839660, BT: 30/10/2025, ÇT:29/11/2025;5411,70;5.368.220,27
30.11.2025;Ýþyeri no:000000000771359,Tutar : 543,2 Komisyon : 0,Bloke No : 1750839658, BT: 30/10/2025, ÇT:29/11/2025;543,20;5.362.808,57
30.11.2025;Ýþyeri no:000000000771359,Tutar : 14051,4 Komisyon : 0,Bloke No : 1750839657, BT: 30/10/2025, ÇT:29/11/2025;14051,40;5.362.265,37
30.11.2025;Ýþyeri no:000000000771359,Tutar : 6383 Komisyon : 0,Bloke No : 1750839654, BT: 30/10/2025, ÇT:29/11/2025;6383,00;5.348.213,97
29.11.2025;Ýþyeri no:000000000771359,Tutar : 780,4 Komisyon : 0,Bloke No : 1782807092, BT: 13/11/2025, ÇT:28/11/2025;780,40;5.341.830,97
29.11.2025;Ýþyeri no:000000000771359,Tutar : 1579,3 Komisyon : 0,Bloke No : 1782807090, BT: 13/11/2025, ÇT:28/11/2025;1579,30;5.341.050,57
29.11.2025;Ýþyeri no:000000000771359,Tutar : 792 Komisyon : 0,Bloke No : 1748406775, BT: 29/10/2025, ÇT:28/11/2025;792,00;5.339.471,27
29.11.2025;Ýþyeri no:000000000771359,Tutar : 328 Komisyon : 0,Bloke No : 1748406774, BT: 29/10/2025, ÇT:28/11/2025;328,00;5.338.679,27
29.11.2025;Ýþyeri no:000000000771359,Tutar : 572 Komisyon : 0,Bloke No : 1748406773, BT: 29/10/2025, ÇT:28/11/2025;572,00;5.338.351,27
29.11.2025;Ýþyeri no:000000000771359,Tutar : 324 Komisyon : 0,Bloke No : 1748406766, BT: 29/10/2025, ÇT:28/11/2025;324,00;5.337.779,27
29.11.2025;Ýþyeri no:000000000771359,Tutar : 750 Komisyon : 0,Bloke No : 1748406764, BT: 29/10/2025, ÇT:28/11/2025;750,00;5.337.455,27
29.11.2025;Ýþyeri no:000000000771359,Tutar : 4063,06 Komisyon : 0,Bloke No : 1748406763, BT: 29/10/2025, ÇT:28/11/2025;4063,06;5.336.705,27
29.11.2025;Ýþyeri no:000000000771359,Tutar : 255 Komisyon : 0,Bloke No : 1748406762, BT: 29/10/2025, ÇT:28/11/2025;255,00;5.332.642,21
29.11.2025;Ýþyeri no:000000000771359,Tutar : 310 Komisyon : 0,Bloke No : 1782807086, BT: 13/11/2025, ÇT:28/11/2025;310,00;5.332.387,21
29.11.2025;Ýþyeri no:000000000771359,Tutar : 5467,3 Komisyon : 0,Bloke No : 1782807084, BT: 13/11/2025, ÇT:28/11/2025;5467,30;5.332.077,21
29.11.2025;Ýþyeri no:000000000771359,Tutar : 2281,13 Komisyon : 0,Bloke No : 1782807082, BT: 13/11/2025, ÇT:28/11/2025;2281,13;5.326.609,91
29.11.2025;Ýþyeri no:000000000771359,Tutar : 4796,23 Komisyon : 0,Bloke No : 1782807080, BT: 13/11/2025, ÇT:28/11/2025;4796,23;5.324.328,78
29.11.2025;Ýþyeri no:000000000771359,Tutar : 2076 Komisyon : 0,Bloke No : 1748406772, BT: 29/10/2025, ÇT:28/11/2025;2076,00;5.319.532,55
29.11.2025;Ýþyeri no:000000000771359,Tutar : 2316 Komisyon : 0,Bloke No : 1748406771, BT: 29/10/2025, ÇT:28/11/2025;2316,00;5.317.456,55
29.11.2025;Ýþyeri no:000000000771359,Tutar : 8970,13 Komisyon : 0,Bloke No : 1748406769, BT: 29/10/2025, ÇT:28/11/2025;8970,13;5.315.140,55
29.11.2025;Ýþyeri no:000000000771359,Tutar : 2267,2 Komisyon : 0,Bloke No : 1748406767, BT: 29/10/2025, ÇT:28/11/2025;2267,20;5.306.170,42
29.11.2025;Ýþyeri no:000000000771359,Tutar : 240 Komisyon : 0,Bloke No : 1748406761, BT: 29/10/2025, ÇT:28/11/2025;240,00;5.303.903,22
29.11.2025;Ýþyeri no:000000000771359,Tutar : 14244,22 Komisyon : 0,Bloke No : 1748406760, BT: 29/10/2025, ÇT:28/11/2025;14244,22;5.303.663,22
29.11.2025;Ýþyeri no:000000000771359,Tutar : 1560 Komisyon : 0,Bloke No : 1748406758, BT: 29/10/2025, ÇT:28/11/2025;1560,00;5.289.419,00
29.11.2025;Ýþyeri no:000000000771359,Tutar : 12510,67 Komisyon : 0,Bloke No : 1748406756, BT: 29/10/2025, ÇT:28/11/2025;12510,67;5.287.859,00
29.11.2025;Ýþyeri no:000000000771359,Tutar : 1771 Komisyon : 0,Bloke No : 1748406755, BT: 29/10/2025, ÇT:28/11/2025;1771,00;5.275.348,33
29.11.2025;Ýþyeri no:000000000771359,Tutar : 5189,91 Komisyon : 0,Bloke No : 1748406752, BT: 29/10/2025, ÇT:28/11/2025;5189,91;5.273.577,33
28.11.2025;Ýþyeri no:000000000771359,Tutar : 1049 Komisyon : 0,Bloke No : 1780306867, BT: 12/11/2025, ÇT:27/11/2025;1049,00;5.268.387,42
28.11.2025;Ýþyeri no:000000000771359,Tutar : 186 Komisyon : 0,Bloke No : 1780306866, BT: 12/11/2025, ÇT:27/11/2025;186,00;5.267.338,42
28.11.2025;Ýþyeri no:000000000771359,Tutar : 472,5 Komisyon : 0,Bloke No : 1780306865, BT: 12/11/2025, ÇT:27/11/2025;472,50;5.267.152,42
28.11.2025;Ýþyeri no:000000000771359,Tutar : 575 Komisyon : 0,Bloke No : 1746117327, BT: 28/10/2025, ÇT:27/11/2025;575,00;5.266.679,92
28.11.2025;Ýþyeri no:000000000771359,Tutar : 1446,16 Komisyon : 0,Bloke No : 1746117325, BT: 28/10/2025, ÇT:27/11/2025;1446,16;5.266.104,92
28.11.2025;Ýþyeri no:000000000771359,Tutar : 66 Komisyon : 0,Bloke No : 1746117323, BT: 28/10/2025, ÇT:27/11/2025;66,00;5.264.658,76
28.11.2025;Ýþyeri no:000000000771359,Tutar : 398 Komisyon : 0,Bloke No : 1746117311, BT: 28/10/2025, ÇT:27/11/2025;398,00;5.264.592,76
28.11.2025;Ýþyeri no:000000000771359,Tutar : 1998,88 Komisyon : 0,Bloke No : 1746117309, BT: 28/10/2025, ÇT:27/11/2025;1998,88;5.264.194,76
28.11.2025;Ýþyeri no:000000000771359,Tutar : 1656,2 Komisyon : 0,Bloke No : 1780306862, BT: 12/11/2025, ÇT:27/11/2025;1656,20;5.262.195,88
28.11.2025;Ýþyeri no:000000000771359,Tutar : 3368,96 Komisyon : 0,Bloke No : 1780306861, BT: 12/11/2025, ÇT:27/11/2025;3368,96;5.260.539,68
28.11.2025;Ýþyeri no:000000000771359,Tutar : 9875 Komisyon : 0,Bloke No : 1780306860, BT: 12/11/2025, ÇT:27/11/2025;9875,00;5.257.170,72
28.11.2025;Ýþyeri no:000000000771359,Tutar : 30 Komisyon : 0,Bloke No : 1746117322, BT: 28/10/2025, ÇT:27/11/2025;30,00;5.247.295,72
28.11.2025;Ýþyeri no:000000000771359,Tutar : 942,85 Komisyon : 0,Bloke No : 1746117320, BT: 28/10/2025, ÇT:27/11/2025;942,85;5.247.265,72
28.11.2025;Ýþyeri no:000000000771359,Tutar : 4302,56 Komisyon : 0,Bloke No : 1746117318, BT: 28/10/2025, ÇT:27/11/2025;4302,56;5.246.322,87
28.11.2025;Ýþyeri no:000000000771359,Tutar : 13444,1 Komisyon : 0,Bloke No : 1746117316, BT: 28/10/2025, ÇT:27/11/2025;13444,10;5.242.020,31
28.11.2025;Ýþyeri no:000000000771359,Tutar : 2786,25 Komisyon : 0,Bloke No : 1746117315, BT: 28/10/2025, ÇT:27/11/2025;2786,25;5.228.576,21
28.11.2025;Ýþyeri no:000000000771359,Tutar : 3365,3 Komisyon : 0,Bloke No : 1746117313, BT: 28/10/2025, ÇT:27/11/2025;3365,30;5.225.789,96
28.11.2025;Ýþyeri no:000000000771359,Tutar : 4079,5 Komisyon : 0,Bloke No : 1746117308, BT: 28/10/2025, ÇT:27/11/2025;4079,50;5.222.424,66
28.11.2025;Ýþyeri no:000000000771359,Tutar : 14976,84 Komisyon : 0,Bloke No : 1746117306, BT: 28/10/2025, ÇT:27/11/2025;14976,84;5.218.345,16
28.11.2025;Ýþyeri no:000000000771359,Tutar : 8230 Komisyon : 0,Bloke No : 1746117304, BT: 28/10/2025, ÇT:27/11/2025;8230,00;5.203.368,32
28.11.2025;Ýþyeri no:000000000771359,Tutar : 975 Komisyon : 0,Bloke No : 1746117303, BT: 28/10/2025, ÇT:27/11/2025;975,00;5.195.138,32
28.11.2025;Ýþyeri no:000000000771359,Tutar : 15378,48 Komisyon : 0,Bloke No : 1746117301, BT: 28/10/2025, ÇT:27/11/2025;15378,48;5.194.163,32
28.11.2025;Ýþyeri no:000000000771359,Tutar : 3882,5 Komisyon : 0,Bloke No : 1746117299, BT: 28/10/2025, ÇT:27/11/2025;3882,50;5.178.784,84
28.11.2025;Ýþyeri no:000000000771359,Tutar : 2174,98 Komisyon : 0,Bloke No : 1746117297, BT: 28/10/2025, ÇT:27/11/2025;2174,98;5.174.902,34
28.11.2025;Ýþyeri no:000000000771359,Tutar : 400 Komisyon : 0,Bloke No : 1746117294, BT: 28/10/2025, ÇT:27/11/2025;400,00;5.172.727,36
27.11.2025;Ýþyeri no:000000000771359,Tutar : 2445,63 Komisyon : 0,Bloke No : 1777892948, BT: 11/11/2025, ÇT:26/11/2025;2445,63;5.172.327,36
27.11.2025;Ýþyeri no:000000000771359,Tutar : 951 Komisyon : 0,Bloke No : 1777892947, BT: 11/11/2025, ÇT:26/11/2025;951,00;5.169.881,73
27.11.2025;Ýþyeri no:000000000771359,Tutar : 721,6 Komisyon : 0,Bloke No : 1777892946, BT: 11/11/2025, ÇT:26/11/2025;721,60;5.168.930,73
27.11.2025;Ýþyeri no:000000000771359,Tutar : 1938,1 Komisyon : 0,Bloke No : 1743768604, BT: 27/10/2025, ÇT:26/11/2025;1938,10;5.168.209,13
27.11.2025;Ýþyeri no:000000000771359,Tutar : 309 Komisyon : 0,Bloke No : 1743768602, BT: 27/10/2025, ÇT:26/11/2025;309,00;5.166.271,03
27.11.2025;Ýþyeri no:000000000771359,Tutar : 346,5 Komisyon : 0,Bloke No : 1743768600, BT: 27/10/2025, ÇT:26/11/2025;346,50;5.165.962,03
27.11.2025;Ýþyeri no:000000000771359,Tutar : 4675,2 Komisyon : 0,Bloke No : 1743768587, BT: 27/10/2025, ÇT:26/11/2025;4675,20;5.165.615,53
27.11.2025;Ýþyeri no:000000000771359,Tutar : 280 Komisyon : 0,Bloke No : 1743768585, BT: 27/10/2025, ÇT:26/11/2025;280,00;5.160.940,33
27.11.2025;Ýþyeri no:000000000771359,Tutar : 170 Komisyon : 0,Bloke No : 1743768583, BT: 27/10/2025, ÇT:26/11/2025;170,00;5.160.660,33
27.11.2025;Ýþyeri no:000000000771359,Tutar : 912 Komisyon : 0,Bloke No : 1777892944, BT: 11/11/2025, ÇT:26/11/2025;912,00;5.160.490,33
27.11.2025;Ýþyeri no:000000000771359,Tutar : 600 Komisyon : 0,Bloke No : 1777892942, BT: 11/11/2025, ÇT:26/11/2025;600,00;5.159.578,33
27.11.2025;Ýþyeri no:000000000771359,Tutar : 2778,8 Komisyon : 0,Bloke No : 1777892941, BT: 11/11/2025, ÇT:26/11/2025;2778,80;5.158.978,33
27.11.2025;Ýþyeri no:000000000771359,Tutar : 526,4 Komisyon : 0,Bloke No : 1777892940, BT: 11/11/2025, ÇT:26/11/2025;526,40;5.156.199,53
27.11.2025;Ýþyeri no:000000000771359,Tutar : 1556 Komisyon : 0,Bloke No : 1777892939, BT: 11/11/2025, ÇT:26/11/2025;1556,00;5.155.673,13
27.11.2025;Ýþyeri no:000000000771359,Tutar : 160 Komisyon : 0,Bloke No : 1743768598, BT: 27/10/2025, ÇT:26/11/2025;160,00;5.154.117,13
27.11.2025;Ýþyeri no:000000000771359,Tutar : 1075,52 Komisyon : 0,Bloke No : 1743768596, BT: 27/10/2025, ÇT:26/11/2025;1075,52;5.153.957,13
27.11.2025;Ýþyeri no:000000000771359,Tutar : 176 Komisyon : 0,Bloke No : 1743768594, BT: 27/10/2025, ÇT:26/11/2025;176,00;5.152.881,61
27.11.2025;Ýþyeri no:000000000771359,Tutar : 11456,27 Komisyon : 0,Bloke No : 1743768592, BT: 27/10/2025, ÇT:26/11/2025;11456,27;5.152.705,61
27.11.2025;Ýþyeri no:000000000771359,Tutar : 466,4 Komisyon : 0,Bloke No : 1743768590, BT: 27/10/2025, ÇT:26/11/2025;466,40;5.141.249,34
27.11.2025;Ýþyeri no:000000000771359,Tutar : 2055,5 Komisyon : 0,Bloke No : 1743768589, BT: 27/10/2025, ÇT:26/11/2025;2055,50;5.140.782,94
27.11.2025;Ýþyeri no:000000000771359,Tutar : 344 Komisyon : 0,Bloke No : 1743768588, BT: 27/10/2025, ÇT:26/11/2025;344,00;5.138.727,44
27.11.2025;Ýþyeri no:000000000771359,Tutar : 12014,22 Komisyon : 0,Bloke No : 1743768580, BT: 27/10/2025, ÇT:26/11/2025;12014,22;5.138.383,44
27.11.2025;Ýþyeri no:000000000771359,Tutar : 268 Komisyon : 0,Bloke No : 1743768578, BT: 27/10/2025, ÇT:26/11/2025;268,00;5.126.369,22
27.11.2025;Ýþyeri no:000000000771359,Tutar : 15540,34 Komisyon : 0,Bloke No : 1743768576, BT: 27/10/2025, ÇT:26/11/2025;15540,34;5.126.101,22
27.11.2025;Ýþyeri no:000000000771359,Tutar : 5547,59 Komisyon : 0,Bloke No : 1743768575, BT: 27/10/2025, ÇT:26/11/2025;5547,59;5.110.560,88
27.11.2025;Ýþyeri no:000000000771359,Tutar : 1996,7 Komisyon : 0,Bloke No : 1743768572, BT: 27/10/2025, ÇT:26/11/2025;1996,70;5.105.013,29
27.11.2025;Ýþyeri no:000000000771359,Tutar : 2287,5 Komisyon : 0,Bloke No : 1743768568, BT: 27/10/2025, ÇT:26/11/2025;2287,50;5.103.016,59
26.11.2025;Ýþyeri no:000000000771359,Tutar : 1045 Komisyon : 0,Bloke No : 1775573379, BT: 10/11/2025, ÇT:25/11/2025;1045,00;5.100.729,09
26.11.2025;Ýþyeri no:000000000771359,Tutar : 11439,16 Komisyon : 0,Bloke No : 1775573377, BT: 10/11/2025, ÇT:25/11/2025;11439,16;5.099.684,09
26.11.2025;Ýþyeri no:000000000771359,Tutar : 284 Komisyon : 0,Bloke No : 1775573375, BT: 10/11/2025, ÇT:25/11/2025;284,00;5.088.244,93
26.11.2025;Ýþyeri no:000000000771359,Tutar : 135 Komisyon : 0,Bloke No : 1775573373, BT: 10/11/2025, ÇT:25/11/2025;135,00;5.087.960,93
26.11.2025;Ýþyeri no:000000000771359,Tutar : 518 Komisyon : 0,Bloke No : 1741790571, BT: 26/10/2025, ÇT:25/11/2025;518,00;5.087.825,93
26.11.2025;Ýþyeri no:000000000771359,Tutar : 968 Komisyon : 0,Bloke No : 1741790570, BT: 26/10/2025, ÇT:25/11/2025;968,00;5.087.307,93
26.11.2025;Ýþyeri no:000000000771359,Tutar : 715 Komisyon : 0,Bloke No : 1741790569, BT: 26/10/2025, ÇT:25/11/2025;715,00;5.086.339,93
26.11.2025;Ýþyeri no:000000000771359,Tutar : 20 Komisyon : 0,Bloke No : 1741790568, BT: 26/10/2025, ÇT:25/11/2025;20,00;5.085.624,93
26.11.2025;Ýþyeri no:000000000771359,Tutar : 1467,7 Komisyon : 0,Bloke No : 1741790562, BT: 26/10/2025, ÇT:25/11/2025;1467,70;5.085.604,93
26.11.2025;Ýþyeri no:000000000771359,Tutar : 150 Komisyon : 0,Bloke No : 1741790561, BT: 26/10/2025, ÇT:25/11/2025;150,00;5.084.137,23
26.11.2025;Ýþyeri no:000000000771359,Tutar : 3052 Komisyon : 0,Bloke No : 1741790560, BT: 26/10/2025, ÇT:25/11/2025;3052,00;5.083.987,23
26.11.2025;Ýþyeri no:000000000771359,Tutar : 1350 Komisyon : 0,Bloke No : 1775573370, BT: 10/11/2025, ÇT:25/11/2025;1350,00;5.080.935,23
26.11.2025;Ýþyeri no:000000000771359,Tutar : 7353,3 Komisyon : 0,Bloke No : 1775573367, BT: 10/11/2025, ÇT:25/11/2025;7353,30;5.079.585,23
26.11.2025;Ýþyeri no:000000000771359,Tutar : 2080,88 Komisyon : 0,Bloke No : 1775573365, BT: 10/11/2025, ÇT:25/11/2025;2080,88;5.072.231,93
26.11.2025;Ýþyeri no:000000000771359,Tutar : 3182,52 Komisyon : 0,Bloke No : 1775573363, BT: 10/11/2025, ÇT:25/11/2025;3182,52;5.070.151,05
26.11.2025;Ýþyeri no:000000000771359,Tutar : 483,2 Komisyon : 0,Bloke No : 1741790567, BT: 26/10/2025, ÇT:25/11/2025;483,20;5.066.968,53
26.11.2025;Ýþyeri no:000000000771359,Tutar : 5424,1 Komisyon : 0,Bloke No : 1741790566, BT: 26/10/2025, ÇT:25/11/2025;5424,10;5.066.485,33
26.11.2025;Ýþyeri no:000000000771359,Tutar : 1452,78 Komisyon : 0,Bloke No : 1741790565, BT: 26/10/2025, ÇT:25/11/2025;1452,78;5.061.061,23
26.11.2025;Ýþyeri no:000000000771359,Tutar : 4621,1 Komisyon : 0,Bloke No : 1741790564, BT: 26/10/2025, ÇT:25/11/2025;4621,10;5.059.608,45
26.11.2025;Ýþyeri no:000000000771359,Tutar : 10,5 Komisyon : 0,Bloke No : 1741790563, BT: 26/10/2025, ÇT:25/11/2025;10,50;5.054.987,35
26.11.2025;Ýþyeri no:000000000771359,Tutar : 2895,5 Komisyon : 0,Bloke No : 1741790559, BT: 26/10/2025, ÇT:25/11/2025;2895,50;5.054.976,85
26.11.2025;Ýþyeri no:000000000771359,Tutar : 9729,25 Komisyon : 0,Bloke No : 1741790558, BT: 26/10/2025, ÇT:25/11/2025;9729,25;5.052.081,35
26.11.2025;Ýþyeri no:000000000771359,Tutar : 16717,45 Komisyon : 0,Bloke No : 1741790557, BT: 26/10/2025, ÇT:25/11/2025;16717,45;5.042.352,10
26.11.2025;Ýþyeri no:000000000771359,Tutar : 130 Komisyon : 0,Bloke No : 1741790556, BT: 26/10/2025, ÇT:25/11/2025;130,00;5.025.634,65
26.11.2025;Ýþyeri no:000000000771359,Tutar : 15035,01 Komisyon : 0,Bloke No : 1741790555, BT: 26/10/2025, ÇT:25/11/2025;15035,01;5.025.504,65
26.11.2025;Ýþyeri no:000000000771359,Tutar : 1938,58 Komisyon : 0,Bloke No : 1741790554, BT: 26/10/2025, ÇT:25/11/2025;1938,58;5.010.469,64
26.11.2025;Ýþyeri no:000000000771359,Tutar : 4007,65 Komisyon : 0,Bloke No : 1741790553, BT: 26/10/2025, ÇT:25/11/2025;4007,65;5.008.531,06
26.11.2025;Ýþyeri no:000000000771359,Tutar : 565 Komisyon : 0,Bloke No : 1741790552, BT: 26/10/2025, ÇT:25/11/2025;565,00;5.004.523,41
25.11.2025;Ýþyeri no:000000000771359,Tutar : 836 Komisyon : 0,Bloke No : 1773766922, BT: 09/11/2025, ÇT:24/11/2025;836,00;5.003.958,41
25.11.2025;Ýþyeri no:000000000771359,Tutar : 388 Komisyon : 0,Bloke No : 1773766921, BT: 09/11/2025, ÇT:24/11/2025;388,00;5.003.122,41
25.11.2025;Ýþyeri no:000000000771359,Tutar : 483 Komisyon : 0,Bloke No : 1773766920, BT: 09/11/2025, ÇT:24/11/2025;483,00;5.002.734,41
25.11.2025;Ýþyeri no:000000000771359,Tutar : 1072 Komisyon : 0,Bloke No : 1739355844, BT: 25/10/2025, ÇT:24/11/2025;1072,00;5.002.251,41
25.11.2025;Ýþyeri no:000000000771359,Tutar : 2090 Komisyon : 0,Bloke No : 1739355842, BT: 25/10/2025, ÇT:24/11/2025;2090,00;5.001.179,41
25.11.2025;Ýþyeri no:000000000771359,Tutar : 1040,8 Komisyon : 0,Bloke No : 1739355840, BT: 25/10/2025, ÇT:24/11/2025;1040,80;4.999.089,41
25.11.2025;Ýþyeri no:000000000771359,Tutar : 3153 Komisyon : 0,Bloke No : 1739355834, BT: 25/10/2025, ÇT:24/11/2025;3153,00;4.998.048,61
25.11.2025;Ýþyeri no:000000000771359,Tutar : 2933,65 Komisyon : 0,Bloke No : 1739355832, BT: 25/10/2025, ÇT:24/11/2025;2933,65;4.994.895,61
25.11.2025;Ýþyeri no:000000000771359,Tutar : 480 Komisyon : 0,Bloke No : 1739355830, BT: 25/10/2025, ÇT:24/11/2025;480,00;4.991.961,96
25.11.2025;Ýþyeri no:000000000771359,Tutar : 1919 Komisyon : 0,Bloke No : 1773766918, BT: 09/11/2025, ÇT:24/11/2025;1919,00;4.991.481,96
25.11.2025;Ýþyeri no:000000000771359,Tutar : 4918,4 Komisyon : 0,Bloke No : 1773766917, BT: 09/11/2025, ÇT:24/11/2025;4918,40;4.989.562,96
25.11.2025;Ýþyeri no:000000000771359,Tutar : 3446,68 Komisyon : 0,Bloke No : 1773766916, BT: 09/11/2025, ÇT:24/11/2025;3446,68;4.984.644,56
25.11.2025;Ýþyeri no:000000000771359,Tutar : 2986,4 Komisyon : 0,Bloke No : 1739355838, BT: 25/10/2025, ÇT:24/11/2025;2986,40;4.981.197,88
25.11.2025;Ýþyeri no:000000000771359,Tutar : 13510,39 Komisyon : 0,Bloke No : 1739355837, BT: 25/10/2025, ÇT:24/11/2025;13510,39;4.978.211,48
25.11.2025;Ýþyeri no:000000000771359,Tutar : 2270 Komisyon : 0,Bloke No : 1739355836, BT: 25/10/2025, ÇT:24/11/2025;2270,00;4.964.701,09
25.11.2025;Ýþyeri no:000000000771359,Tutar : 5026,54 Komisyon : 0,Bloke No : 1739355835, BT: 25/10/2025, ÇT:24/11/2025;5026,54;4.962.431,09
25.11.2025;Ýþyeri no:000000000771359,Tutar : 2382,56 Komisyon : 0,Bloke No : 1739355828, BT: 25/10/2025, ÇT:24/11/2025;2382,56;4.957.404,55
25.11.2025;Ýþyeri no:000000000771359,Tutar : 13514,39 Komisyon : 0,Bloke No : 1739355826, BT: 25/10/2025, ÇT:24/11/2025;13514,39;4.955.021,99
25.11.2025;Ýþyeri no:000000000771359,Tutar : 1272 Komisyon : 0,Bloke No : 1739355824, BT: 25/10/2025, ÇT:24/11/2025;1272,00;4.941.507,60
25.11.2025;Ýþyeri no:000000000771359,Tutar : 206,5 Komisyon : 0,Bloke No : 1739355823, BT: 25/10/2025, ÇT:24/11/2025;206,50;4.940.235,60
25.11.2025;Ýþyeri no:000000000771359,Tutar : 22305,05 Komisyon : 0,Bloke No : 1739355822, BT: 25/10/2025, ÇT:24/11/2025;22305,05;4.940.029,10
25.11.2025;Ýþyeri no:000000000771359,Tutar : 8865 Komisyon : 0,Bloke No : 1739355820, BT: 25/10/2025, ÇT:24/11/2025;8865,00;4.917.724,05
25.11.2025;Ýþyeri no:000000000771359,Tutar : 3047,3 Komisyon : 0,Bloke No : 1739355818, BT: 25/10/2025, ÇT:24/11/2025;3047,30;4.908.859,05
24.11.2025;2343HOHH25516910 Referanslý Havale - BSMV Tahsilatý;-0,30;4.905.811,75
24.11.2025;2343HOHH25516910 Referanslý Havale Komisyonu Tahsilatý;-6,09;4.905.812,05
24.11.2025;TEF2025000004423 NL'U FATURAYA ÝSTÝNADEN ALANYA ÖZKAN KIRTASÝYE ADINA YAPILAN ÖDEME TUNCA NAKLÝYAT KARGO TUNCA NAKLÝYAT;-8400,00;4.905.818,14
24.11.2025;EFT MESAJ ÜCRETÝ TUTARI;-7,47;4.914.218,14
24.11.2025;EFT BSMV TUTARI;-0,25;4.914.225,61
24.11.2025;EFT KOMÝSYON TUTARI;-5,08;4.914.225,86
24.11.2025;AKBANK T.A.S./KREDI KARTLARI MERKEZI/-5243471035171106-ÝSMAÝL HAKKI ÖZKAN/Ziraat Mobil EFT KREDÝ KARTI ÖDEMESÝ;-284431,89;4.914.230,94
24.11.2025;Ýþyeri no:000000000771359,Tutar : 2092,8 Komisyon : 0,Bloke No : 1771503622, BT: 08/11/2025, ÇT:23/11/2025;2092,80;5.198.662,83
24.11.2025;Ýþyeri no:000000000771359,Tutar : 2378,93 Komisyon : 0,Bloke No : 1771503620, BT: 08/11/2025, ÇT:23/11/2025;2378,93;5.196.570,03
24.11.2025;Ýþyeri no:000000000771359,Tutar : 710 Komisyon : 0,Bloke No : 1771503619, BT: 08/11/2025, ÇT:23/11/2025;710,00;5.194.191,10
24.11.2025;Ýþyeri no:000000000771359,Tutar : 780,2 Komisyon : 0,Bloke No : 1771503617, BT: 08/11/2025, ÇT:23/11/2025;780,20;5.193.481,10
24.11.2025;Ýþyeri no:000000000771359,Tutar : 658,52 Komisyon : 0,Bloke No : 1736938859, BT: 24/10/2025, ÇT:23/11/2025;658,52;5.192.700,90
24.11.2025;Ýþyeri no:000000000771359,Tutar : 1721,95 Komisyon : 0,Bloke No : 1736938857, BT: 24/10/2025, ÇT:23/11/2025;1721,95;5.192.042,38
24.11.2025;Ýþyeri no:000000000771359,Tutar : 157,6 Komisyon : 0,Bloke No : 1736938855, BT: 24/10/2025, ÇT:23/11/2025;157,60;5.190.320,43
24.11.2025;Ýþyeri no:000000000771359,Tutar : 45750 Komisyon : 0,Bloke No : 1736938853, BT: 24/10/2025, ÇT:23/11/2025;45750,00;5.190.162,83
24.11.2025;Ýþyeri no:000000000771359,Tutar : 200 Komisyon : 0,Bloke No : 1736938842, BT: 24/10/2025, ÇT:23/11/2025;200,00;5.144.412,83
24.11.2025;Ýþyeri no:000000000771359,Tutar : 485,92 Komisyon : 0,Bloke No : 1736938841, BT: 24/10/2025, ÇT:23/11/2025;485,92;5.144.212,83
24.11.2025;Ýþyeri no:000000000771359,Tutar : 406 Komisyon : 0,Bloke No : 1736938840, BT: 24/10/2025, ÇT:23/11/2025;406,00;5.143.726,91
24.11.2025;Ýþyeri no:000000000771359,Tutar : 955,3 Komisyon : 0,Bloke No : 1736938838, BT: 24/10/2025, ÇT:23/11/2025;955,30;5.143.320,91
24.11.2025;Ýþyeri no:000000000771359,Tutar : 3647,32 Komisyon : 0,Bloke No : 1771503614, BT: 08/11/2025, ÇT:23/11/2025;3647,32;5.142.365,61
24.11.2025;Ýþyeri no:000000000771359,Tutar : 515 Komisyon : 0,Bloke No : 1771503612, BT: 08/11/2025, ÇT:23/11/2025;515,00;5.138.718,29
24.11.2025;Ýþyeri no:000000000771359,Tutar : 6297,77 Komisyon : 0,Bloke No : 1771503610, BT: 08/11/2025, ÇT:23/11/2025;6297,77;5.138.203,29
24.11.2025;Ýþyeri no:000000000771359,Tutar : 208 Komisyon : 0,Bloke No : 1771503608, BT: 08/11/2025, ÇT:23/11/2025;208,00;5.131.905,52
24.11.2025;Ýþyeri no:000000000771359,Tutar : 3404,3 Komisyon : 0,Bloke No : 1771503606, BT: 08/11/2025, ÇT:23/11/2025;3404,30;5.131.697,52
24.11.2025;Ýþyeri no:000000000771359,Tutar : 610,72 Komisyon : 0,Bloke No : 1736938851, BT: 24/10/2025, ÇT:23/11/2025;610,72;5.128.293,22
24.11.2025;Ýþyeri no:000000000771359,Tutar : 2602,8 Komisyon : 0,Bloke No : 1736938849, BT: 24/10/2025, ÇT:23/11/2025;2602,80;5.127.682,50
24.11.2025;Ýþyeri no:000000000771359,Tutar : 55 Komisyon : 0,Bloke No : 1736938848, BT: 24/10/2025, ÇT:23/11/2025;55,00;5.125.079,70
24.11.2025;Ýþyeri no:000000000771359,Tutar : 8472,57 Komisyon : 0,Bloke No : 1736938847, BT: 24/10/2025, ÇT:23/11/2025;8472,57;5.125.024,70
24.11.2025;Ýþyeri no:000000000771359,Tutar : 60 Komisyon : 0,Bloke No : 1736938845, BT: 24/10/2025, ÇT:23/11/2025;60,00;5.116.552,13
24.11.2025;Ýþyeri no:000000000771359,Tutar : 5973 Komisyon : 0,Bloke No : 1736938844, BT: 24/10/2025, ÇT:23/11/2025;5973,00;5.116.492,13
24.11.2025;Ýþyeri no:000000000771359,Tutar : 83 Komisyon : 0,Bloke No : 1736938836, BT: 24/10/2025, ÇT:23/11/2025;83,00;5.110.519,13
24.11.2025;Ýþyeri no:000000000771359,Tutar : 6507,7 Komisyon : 0,Bloke No : 1736938834, BT: 24/10/2025, ÇT:23/11/2025;6507,70;5.110.436,13
24.11.2025;Ýþyeri no:000000000771359,Tutar : 800,1 Komisyon : 0,Bloke No : 1736938832, BT: 24/10/2025, ÇT:23/11/2025;800,10;5.103.928,43
24.11.2025;Ýþyeri no:000000000771359,Tutar : 15342,92 Komisyon : 0,Bloke No : 1736938830, BT: 24/10/2025, ÇT:23/11/2025;15342,92;5.103.128,33
24.11.2025;Ýþyeri no:000000000771359,Tutar : 11670 Komisyon : 0,Bloke No : 1736938828, BT: 24/10/2025, ÇT:23/11/2025;11670,00;5.087.785,41
24.11.2025;Ýþyeri no:000000000771359,Tutar : 3635,2 Komisyon : 0,Bloke No : 1736938826, BT: 24/10/2025, ÇT:23/11/2025;3635,20;5.076.115,41
24.11.2025;Ýþyeri no:000000000771359,Tutar : 5810 Komisyon : 0,Bloke No : 1736938822, BT: 24/10/2025, ÇT:23/11/2025;5810,00;5.072.480,21
23.11.2025;Ýþyeri no:000000000771359,Tutar : 15 Komisyon : 0,Bloke No : 1769131501, BT: 07/11/2025, ÇT:22/11/2025;15,00;5.066.670,21
23.11.2025;Ýþyeri no:000000000771359,Tutar : 688 Komisyon : 0,Bloke No : 1769131499, BT: 07/11/2025, ÇT:22/11/2025;688,00;5.066.655,21
23.11.2025;Ýþyeri no:000000000771359,Tutar : 240 Komisyon : 0,Bloke No : 1769131497, BT: 07/11/2025, ÇT:22/11/2025;240,00;5.065.967,21
23.11.2025;Ýþyeri no:000000000771359,Tutar : 1340 Komisyon : 0,Bloke No : 1734491181, BT: 23/10/2025, ÇT:22/11/2025;1340,00;5.065.727,21
23.11.2025;Ýþyeri no:000000000771359,Tutar : 460 Komisyon : 0,Bloke No : 1734491180, BT: 23/10/2025, ÇT:22/11/2025;460,00;5.064.387,21
23.11.2025;Ýþyeri no:000000000771359,Tutar : 369 Komisyon : 0,Bloke No : 1734491179, BT: 23/10/2025, ÇT:22/11/2025;369,00;5.063.927,21
23.11.2025;Ýþyeri no:000000000771359,Tutar : 548,98 Komisyon : 0,Bloke No : 1734491177, BT: 23/10/2025, ÇT:22/11/2025;548,98;5.063.558,21
23.11.2025;Ýþyeri no:000000000771359,Tutar : 506 Komisyon : 0,Bloke No : 1734491167, BT: 23/10/2025, ÇT:22/11/2025;506,00;5.063.009,23
23.11.2025;Ýþyeri no:000000000771359,Tutar : 946 Komisyon : 0,Bloke No : 1734491165, BT: 23/10/2025, ÇT:22/11/2025;946,00;5.062.503,23
23.11.2025;Ýþyeri no:000000000771359,Tutar : 3955,75 Komisyon : 0,Bloke No : 1769131493, BT: 07/11/2025, ÇT:22/11/2025;3955,75;5.061.557,23
23.11.2025;Ýþyeri no:000000000771359,Tutar : 1124 Komisyon : 0,Bloke No : 1769131491, BT: 07/11/2025, ÇT:22/11/2025;1124,00;5.057.601,48
23.11.2025;Ýþyeri no:000000000771359,Tutar : 6576,03 Komisyon : 0,Bloke No : 1769131489, BT: 07/11/2025, ÇT:22/11/2025;6576,03;5.056.477,48
23.11.2025;Ýþyeri no:000000000771359,Tutar : 2095,5 Komisyon : 0,Bloke No : 1769131487, BT: 07/11/2025, ÇT:22/11/2025;2095,50;5.049.901,45
23.11.2025;Ýþyeri no:000000000771359,Tutar : 2560 Komisyon : 0,Bloke No : 1734491175, BT: 23/10/2025, ÇT:22/11/2025;2560,00;5.047.805,95
23.11.2025;Ýþyeri no:000000000771359,Tutar : 2153 Komisyon : 0,Bloke No : 1734491173, BT: 23/10/2025, ÇT:22/11/2025;2153,00;5.045.245,95
23.11.2025;Ýþyeri no:000000000771359,Tutar : 9124,48 Komisyon : 0,Bloke No : 1734491170, BT: 23/10/2025, ÇT:22/11/2025;9124,48;5.043.092,95
23.11.2025;Ýþyeri no:000000000771359,Tutar : 1943,9 Komisyon : 0,Bloke No : 1734491169, BT: 23/10/2025, ÇT:22/11/2025;1943,90;5.033.968,47
23.11.2025;Ýþyeri no:000000000771359,Tutar : 1354 Komisyon : 0,Bloke No : 1734491163, BT: 23/10/2025, ÇT:22/11/2025;1354,00;5.032.024,57
23.11.2025;Ýþyeri no:000000000771359,Tutar : 3811,55 Komisyon : 0,Bloke No : 1734491161, BT: 23/10/2025, ÇT:22/11/2025;3811,55;5.030.670,57
23.11.2025;Ýþyeri no:000000000771359,Tutar : 134,2 Komisyon : 0,Bloke No : 1734491159, BT: 23/10/2025, ÇT:22/11/2025;134,20;5.026.859,02
23.11.2025;Ýþyeri no:000000000771359,Tutar : 424 Komisyon : 0,Bloke No : 1734491157, BT: 23/10/2025, ÇT:22/11/2025;424,00;5.026.724,82
23.11.2025;Ýþyeri no:000000000771359,Tutar : 29224,61 Komisyon : 0,Bloke No : 1734491154, BT: 23/10/2025, ÇT:22/11/2025;29224,61;5.026.300,82
23.11.2025;Ýþyeri no:000000000771359,Tutar : 33156,47 Komisyon : 0,Bloke No : 1734491153, BT: 23/10/2025, ÇT:22/11/2025;33156,47;4.997.076,21
23.11.2025;Ýþyeri no:000000000771359,Tutar : 6530,81 Komisyon : 0,Bloke No : 1734491151, BT: 23/10/2025, ÇT:22/11/2025;6530,81;4.963.919,74
23.11.2025;Ýþyeri no:000000000771359,Tutar : 1200 Komisyon : 0,Bloke No : 1734491148, BT: 23/10/2025, ÇT:22/11/2025;1200,00;4.957.388,93
22.11.2025;Ýþyeri no:000000000771359,Tutar : 2924 Komisyon : 0,Bloke No : 1766761547, BT: 06/11/2025, ÇT:21/11/2025;2924,00;4.956.188,93
22.11.2025;Ýþyeri no:000000000771359,Tutar : 24 Komisyon : 0,Bloke No : 1766761545, BT: 06/11/2025, ÇT:21/11/2025;24,00;4.953.264,93
22.11.2025;Ýþyeri no:000000000771359,Tutar : 2929 Komisyon : 0,Bloke No : 1766761543, BT: 06/11/2025, ÇT:21/11/2025;2929,00;4.953.240,93
22.11.2025;Ýþyeri no:000000000771359,Tutar : 431 Komisyon : 0,Bloke No : 1732052313, BT: 22/10/2025, ÇT:21/11/2025;431,00;4.950.311,93
22.11.2025;Ýþyeri no:000000000771359,Tutar : 555 Komisyon : 0,Bloke No : 1732052312, BT: 22/10/2025, ÇT:21/11/2025;555,00;4.949.880,93
22.11.2025;Ýþyeri no:000000000771359,Tutar : 68 Komisyon : 0,Bloke No : 1732052311, BT: 22/10/2025, ÇT:21/11/2025;68,00;4.949.325,93
22.11.2025;Ýþyeri no:000000000771359,Tutar : 868,9 Komisyon : 0,Bloke No : 1732052305, BT: 22/10/2025, ÇT:21/11/2025;868,90;4.949.257,93
22.11.2025;Ýþyeri no:000000000771359,Tutar : 527 Komisyon : 0,Bloke No : 1732052304, BT: 22/10/2025, ÇT:21/11/2025;527,00;4.948.389,03
22.11.2025;Ýþyeri no:000000000771359,Tutar : 2744,25 Komisyon : 0,Bloke No : 1766761539, BT: 06/11/2025, ÇT:21/11/2025;2744,25;4.947.862,03
22.11.2025;Ýþyeri no:000000000771359,Tutar : 6684,55 Komisyon : 0,Bloke No : 1766761538, BT: 06/11/2025, ÇT:21/11/2025;6684,55;4.945.117,78
22.11.2025;Ýþyeri no:000000000771359,Tutar : 90 Komisyon : 0,Bloke No : 1766761537, BT: 06/11/2025, ÇT:21/11/2025;90,00;4.938.433,23
22.11.2025;Ýþyeri no:000000000771359,Tutar : 1115 Komisyon : 0,Bloke No : 1766761535, BT: 06/11/2025, ÇT:21/11/2025;1115,00;4.938.343,23
22.11.2025;Ýþyeri no:000000000771359,Tutar : 2865,6 Komisyon : 0,Bloke No : 1732052310, BT: 22/10/2025, ÇT:21/11/2025;2865,60;4.937.228,23
22.11.2025;Ýþyeri no:000000000771359,Tutar : 8197,1 Komisyon : 0,Bloke No : 1732052309, BT: 22/10/2025, ÇT:21/11/2025;8197,10;4.934.362,63
22.11.2025;Ýþyeri no:000000000771359,Tutar : 5245,51 Komisyon : 0,Bloke No : 1732052308, BT: 22/10/2025, ÇT:21/11/2025;5245,51;4.926.165,53
22.11.2025;Ýþyeri no:000000000771359,Tutar : 2760,39 Komisyon : 0,Bloke No : 1732052307, BT: 22/10/2025, ÇT:21/11/2025;2760,39;4.920.920,02
22.11.2025;Ýþyeri no:000000000771359,Tutar : 248 Komisyon : 0,Bloke No : 1732052306, BT: 22/10/2025, ÇT:21/11/2025;248,00;4.918.159,63
22.11.2025;Ýþyeri no:000000000771359,Tutar : 3133,72 Komisyon : 0,Bloke No : 1732052303, BT: 22/10/2025, ÇT:21/11/2025;3133,72;4.917.911,63
22.11.2025;Ýþyeri no:000000000771359,Tutar : 6987,92 Komisyon : 0,Bloke No : 1732052302, BT: 22/10/2025, ÇT:21/11/2025;6987,92;4.914.777,91
22.11.2025;Ýþyeri no:000000000771359,Tutar : 992,5 Komisyon : 0,Bloke No : 1732052301, BT: 22/10/2025, ÇT:21/11/2025;992,50;4.907.789,99
22.11.2025;Ýþyeri no:000000000771359,Tutar : 19738,63 Komisyon : 0,Bloke No : 1732052300, BT: 22/10/2025, ÇT:21/11/2025;19738,63;4.906.797,49
22.11.2025;Ýþyeri no:000000000771359,Tutar : 1097,16 Komisyon : 0,Bloke No : 1732052299, BT: 22/10/2025, ÇT:21/11/2025;1097,16;4.887.058,86
22.11.2025;Ýþyeri no:000000000771359,Tutar : 5302,8 Komisyon : 0,Bloke No : 1732052298, BT: 22/10/2025, ÇT:21/11/2025;5302,80;4.885.961,70
22.11.2025;Ýþyeri no:000000000771359,Tutar : 3760,16 Komisyon : 0,Bloke No : 1732052297, BT: 22/10/2025, ÇT:21/11/2025;3760,16;4.880.658,90
21.11.2025;MESAJ ÜCRETÝ TUTARI;-1,06;4.876.898,74
21.11.2025;BSMV TUTARI;-0,56;4.876.899,80
21.11.2025;KOMÝSYON TUTARI;-11,18;4.876.900,36
21.11.2025;QNB Bank A.Þ./TR920011100000000128956666-EDEX AKADEMÝ EÐÝT. YAY. LTD./CARÝ HESABIMIZA MAHSUBEN ALANYA ÖZKAN KIRTASÝYEFAS;-40342,00;4.876.911,54
21.11.2025;Ýþyeri no:000000000771359,Tutar : 1630 Komisyon : 0,Bloke No : 1764437036, BT: 05/11/2025, ÇT:20/11/2025;1630,00;4.917.253,54
21.11.2025;Ýþyeri no:000000000771359,Tutar : 941,2 Komisyon : 0,Bloke No : 1764437035, BT: 05/11/2025, ÇT:20/11/2025;941,20;4.915.623,54
21.11.2025;Ýþyeri no:000000000771359,Tutar : 6000 Komisyon : 0,Bloke No : 1764437034, BT: 05/11/2025, ÇT:20/11/2025;6000,00;4.914.682,34
21.11.2025;Ýþyeri no:000000000771359,Tutar : 1856,2 Komisyon : 0,Bloke No : 1729650827, BT: 21/10/2025, ÇT:20/11/2025;1856,20;4.908.682,34
21.11.2025;Ýþyeri no:000000000771359,Tutar : 582,5 Komisyon : 0,Bloke No : 1729650825, BT: 21/10/2025, ÇT:20/11/2025;582,50;4.906.826,14
21.11.2025;Ýþyeri no:000000000771359,Tutar : 323 Komisyon : 0,Bloke No : 1729650813, BT: 21/10/2025, ÇT:20/11/2025;323,00;4.906.243,64
21.11.2025;Ýþyeri no:000000000771359,Tutar : 1555,4 Komisyon : 0,Bloke No : 1729650811, BT: 21/10/2025, ÇT:20/11/2025;1555,40;4.905.920,64
21.11.2025;Ýþyeri no:000000000771359,Tutar : 631 Komisyon : 0,Bloke No : 1729650810, BT: 21/10/2025, ÇT:20/11/2025;631,00;4.904.365,24
21.11.2025;Ýþyeri no:000000000771359,Tutar : 6251,2 Komisyon : 0,Bloke No : 1764437032, BT: 05/11/2025, ÇT:20/11/2025;6251,20;4.903.734,24
21.11.2025;Ýþyeri no:000000000771359,Tutar : 6301,79 Komisyon : 0,Bloke No : 1764437031, BT: 05/11/2025, ÇT:20/11/2025;6301,79;4.897.483,04
21.11.2025;Ýþyeri no:000000000771359,Tutar : 1300 Komisyon : 0,Bloke No : 1764437030, BT: 05/11/2025, ÇT:20/11/2025;1300,00;4.891.181,25
21.11.2025;Ýþyeri no:000000000771359,Tutar : 1736,13 Komisyon : 0,Bloke No : 1764437029, BT: 05/11/2025, ÇT:20/11/2025;1736,13;4.889.881,25
21.11.2025;Ýþyeri no:000000000771359,Tutar : 463,28 Komisyon : 0,Bloke No : 1729650823, BT: 21/10/2025, ÇT:20/11/2025;463,28;4.888.145,12
21.11.2025;Ýþyeri no:000000000771359,Tutar : 3110,28 Komisyon : 0,Bloke No : 1729650821, BT: 21/10/2025, ÇT:20/11/2025;3110,28;4.887.681,84
21.11.2025;Ýþyeri no:000000000771359,Tutar : 6543,3 Komisyon : 0,Bloke No : 1729650819, BT: 21/10/2025, ÇT:20/11/2025;6543,30;4.884.571,56
21.11.2025;Ýþyeri no:000000000771359,Tutar : 300 Komisyon : 0,Bloke No : 1729650817, BT: 21/10/2025, ÇT:20/11/2025;300,00;4.878.028,26
21.11.2025;Ýþyeri no:000000000771359,Tutar : 4616,16 Komisyon : 0,Bloke No : 1729650815, BT: 21/10/2025, ÇT:20/11/2025;4616,16;4.877.728,26
21.11.2025;Ýþyeri no:000000000771359,Tutar : 2047,49 Komisyon : 0,Bloke No : 1729650808, BT: 21/10/2025, ÇT:20/11/2025;2047,49;4.873.112,10
21.11.2025;Ýþyeri no:000000000771359,Tutar : 10567,9 Komisyon : 0,Bloke No : 1729650806, BT: 21/10/2025, ÇT:20/11/2025;10567,90;4.871.064,61
21.11.2025;Ýþyeri no:000000000771359,Tutar : 18806,43 Komisyon : 0,Bloke No : 1729650804, BT: 21/10/2025, ÇT:20/11/2025;18806,43;4.860.496,71
21.11.2025;Ýþyeri no:000000000771359,Tutar : 6551,66 Komisyon : 0,Bloke No : 1729650803, BT: 21/10/2025, ÇT:20/11/2025;6551,66;4.841.690,28
21.11.2025;Ýþyeri no:000000000771359,Tutar : 10152,61 Komisyon : 0,Bloke No : 1729650799, BT: 21/10/2025, ÇT:20/11/2025;10152,61;4.835.138,62
20.11.2025;Ýþyeri no:000000000771359,Tutar : 50 Komisyon : 0,Bloke No : 1762109727, BT: 04/11/2025, ÇT:19/11/2025;50,00;4.824.986,01
20.11.2025;Ýþyeri no:000000000771359,Tutar : 395,2 Komisyon : 0,Bloke No : 1762109725, BT: 04/11/2025, ÇT:19/11/2025;395,20;4.824.936,01
20.11.2025;Ýþyeri no:000000000771359,Tutar : 1150 Komisyon : 0,Bloke No : 1727119035, BT: 20/10/2025, ÇT:19/11/2025;1150,00;4.824.540,81
20.11.2025;Ýþyeri no:000000000771359,Tutar : 1449,5 Komisyon : 0,Bloke No : 1727119033, BT: 20/10/2025, ÇT:19/11/2025;1449,50;4.823.390,81
20.11.2025;Ýþyeri no:000000000771359,Tutar : 244 Komisyon : 0,Bloke No : 1727119025, BT: 20/10/2025, ÇT:19/11/2025;244,00;4.821.941,31
20.11.2025;Ýþyeri no:000000000771359,Tutar : 270 Komisyon : 0,Bloke No : 1727119023, BT: 20/10/2025, ÇT:19/11/2025;270,00;4.821.697,31
20.11.2025;Ýþyeri no:000000000771359,Tutar : 135 Komisyon : 0,Bloke No : 1727119021, BT: 20/10/2025, ÇT:19/11/2025;135,00;4.821.427,31
20.11.2025;Ýþyeri no:000000000771359,Tutar : 1798,38 Komisyon : 0,Bloke No : 1762109722, BT: 04/11/2025, ÇT:19/11/2025;1798,38;4.821.292,31
20.11.2025;Ýþyeri no:000000000771359,Tutar : 9198,73 Komisyon : 0,Bloke No : 1762109720, BT: 04/11/2025, ÇT:19/11/2025;9198,73;4.819.493,93
20.11.2025;Ýþyeri no:000000000771359,Tutar : 12484,16 Komisyon : 0,Bloke No : 1762109718, BT: 04/11/2025, ÇT:19/11/2025;12484,16;4.810.295,20
20.11.2025;Ýþyeri no:000000000771359,Tutar : 2383,5 Komisyon : 0,Bloke No : 1762109716, BT: 04/11/2025, ÇT:19/11/2025;2383,50;4.797.811,04
20.11.2025;Ýþyeri no:000000000771359,Tutar : 177 Komisyon : 0,Bloke No : 1727119032, BT: 20/10/2025, ÇT:19/11/2025;177,00;4.795.427,54
20.11.2025;Ýþyeri no:000000000771359,Tutar : 2277 Komisyon : 0,Bloke No : 1727119030, BT: 20/10/2025, ÇT:19/11/2025;2277,00;4.795.250,54
20.11.2025;Ýþyeri no:000000000771359,Tutar : 17724,7 Komisyon : 0,Bloke No : 1727119028, BT: 20/10/2025, ÇT:19/11/2025;17724,70;4.792.973,54
20.11.2025;Ýþyeri no:000000000771359,Tutar : 5793 Komisyon : 0,Bloke No : 1727119026, BT: 20/10/2025, ÇT:19/11/2025;5793,00;4.775.248,84
20.11.2025;Ýþyeri no:000000000771359,Tutar : 3188,25 Komisyon : 0,Bloke No : 1727119019, BT: 20/10/2025, ÇT:19/11/2025;3188,25;4.769.455,84
20.11.2025;Ýþyeri no:000000000771359,Tutar : 11565,65 Komisyon : 0,Bloke No : 1727119017, BT: 20/10/2025, ÇT:19/11/2025;11565,65;4.766.267,59
20.11.2025;Ýþyeri no:000000000771359,Tutar : 1213,35 Komisyon : 0,Bloke No : 1727119015, BT: 20/10/2025, ÇT:19/11/2025;1213,35;4.754.701,94
20.11.2025;Ýþyeri no:000000000771359,Tutar : 19318,65 Komisyon : 0,Bloke No : 1727119013, BT: 20/10/2025, ÇT:19/11/2025;19318,65;4.753.488,59
20.11.2025;Ýþyeri no:000000000771359,Tutar : 5760 Komisyon : 0,Bloke No : 1727119011, BT: 20/10/2025, ÇT:19/11/2025;5760,00;4.734.169,94
20.11.2025;Ýþyeri no:000000000771359,Tutar : 2011,05 Komisyon : 0,Bloke No : 1727119008, BT: 20/10/2025, ÇT:19/11/2025;2011,05;4.728.409,94
19.11.2025;Ýþyeri no:000000000771359,Tutar : 394,6 Komisyon : 0,Bloke No : 1759788742, BT: 03/11/2025, ÇT:18/11/2025;394,60;4.726.398,89
19.11.2025;Ýþyeri no:000000000771359,Tutar : 100,8 Komisyon : 0,Bloke No : 1759788740, BT: 03/11/2025, ÇT:18/11/2025;100,80;4.726.004,29
19.11.2025;Ýþyeri no:000000000771359,Tutar : 1327 Komisyon : 0,Bloke No : 1759788737, BT: 03/11/2025, ÇT:18/11/2025;1327,00;4.725.903,49
19.11.2025;Ýþyeri no:000000000771359,Tutar : 410 Komisyon : 0,Bloke No : 1759788735, BT: 03/11/2025, ÇT:18/11/2025;410,00;4.724.576,49
19.11.2025;Ýþyeri no:000000000771359,Tutar : 435,2 Komisyon : 0,Bloke No : 1759788733, BT: 03/11/2025, ÇT:18/11/2025;435,20;4.724.166,49
19.11.2025;Ýþyeri no:000000000771359,Tutar : 510 Komisyon : 0,Bloke No : 1759788732, BT: 03/11/2025, ÇT:18/11/2025;510,00;4.723.731,29
19.11.2025;Ýþyeri no:000000000771359,Tutar : 626 Komisyon : 0,Bloke No : 1725239893, BT: 19/10/2025, ÇT:18/11/2025;626,00;4.723.221,29
19.11.2025;Ýþyeri no:000000000771359,Tutar : 1355,5 Komisyon : 0,Bloke No : 1725239891, BT: 19/10/2025, ÇT:18/11/2025;1355,50;4.722.595,29
19.11.2025;Ýþyeri no:000000000771359,Tutar : 832,2 Komisyon : 0,Bloke No : 1725239889, BT: 19/10/2025, ÇT:18/11/2025;832,20;4.721.239,79
19.11.2025;Ýþyeri no:000000000771359,Tutar : 2519,04 Komisyon : 0,Bloke No : 1725239880, BT: 19/10/2025, ÇT:18/11/2025;2519,04;4.720.407,59
19.11.2025;Ýþyeri no:000000000771359,Tutar : 796 Komisyon : 0,Bloke No : 1725239879, BT: 19/10/2025, ÇT:18/11/2025;796,00;4.717.888,55
19.11.2025;Ýþyeri no:000000000771359,Tutar : 478,2 Komisyon : 0,Bloke No : 1725239877, BT: 19/10/2025, ÇT:18/11/2025;478,20;4.717.092,55
19.11.2025;Ýþyeri no:000000000771359,Tutar : 2684,35 Komisyon : 0,Bloke No : 1759788728, BT: 03/11/2025, ÇT:18/11/2025;2684,35;4.716.614,35
19.11.2025;Ýþyeri no:000000000771359,Tutar : 50 Komisyon : 0,Bloke No : 1759788726, BT: 03/11/2025, ÇT:18/11/2025;50,00;4.713.930,00
19.11.2025;Ýþyeri no:000000000771359,Tutar : 10429,76 Komisyon : 0,Bloke No : 1759788724, BT: 03/11/2025, ÇT:18/11/2025;10429,76;4.713.880,00
19.11.2025;Ýþyeri no:000000000771359,Tutar : 2080 Komisyon : 0,Bloke No : 1759788723, BT: 03/11/2025, ÇT:18/11/2025;2080,00;4.703.450,24
19.11.2025;Ýþyeri no:000000000771359,Tutar : 1192,8 Komisyon : 0,Bloke No : 1759788721, BT: 03/11/2025, ÇT:18/11/2025;1192,80;4.701.370,24
19.11.2025;Ýþyeri no:000000000771359,Tutar : 3137,2 Komisyon : 0,Bloke No : 1759788719, BT: 03/11/2025, ÇT:18/11/2025;3137,20;4.700.177,44
19.11.2025;Ýþyeri no:000000000771359,Tutar : 1175 Komisyon : 0,Bloke No : 1759788717, BT: 03/11/2025, ÇT:18/11/2025;1175,00;4.697.040,24
19.11.2025;Ýþyeri no:000000000771359,Tutar : 40 Komisyon : 0,Bloke No : 1759788715, BT: 03/11/2025, ÇT:18/11/2025;40,00;4.695.865,24
19.11.2025;Ýþyeri no:000000000771359,Tutar : 200 Komisyon : 0,Bloke No : 1725239887, BT: 19/10/2025, ÇT:18/11/2025;200,00;4.695.825,24
19.11.2025;Ýþyeri no:000000000771359,Tutar : 1823,6 Komisyon : 0,Bloke No : 1725239885, BT: 19/10/2025, ÇT:18/11/2025;1823,60;4.695.625,24
19.11.2025;Ýþyeri no:000000000771359,Tutar : 8972,98 Komisyon : 0,Bloke No : 1725239884, BT: 19/10/2025, ÇT:18/11/2025;8972,98;4.693.801,64
19.11.2025;Ýþyeri no:000000000771359,Tutar : 780 Komisyon : 0,Bloke No : 1725239882, BT: 19/10/2025, ÇT:18/11/2025;780,00;4.684.828,66
19.11.2025;Ýþyeri no:000000000771359,Tutar : 389,85 Komisyon : 0,Bloke No : 1725239875, BT: 19/10/2025, ÇT:18/11/2025;389,85;4.684.048,66
19.11.2025;Ýþyeri no:000000000771359,Tutar : 8559,6 Komisyon : 0,Bloke No : 1725239872, BT: 19/10/2025, ÇT:18/11/2025;8559,60;4.683.658,81
19.11.2025;Ýþyeri no:000000000771359,Tutar : 10386,15 Komisyon : 0,Bloke No : 1725239871, BT: 19/10/2025, ÇT:18/11/2025;10386,15;4.675.099,21
19.11.2025;Ýþyeri no:000000000771359,Tutar : 885 Komisyon : 0,Bloke No : 1725239869, BT: 19/10/2025, ÇT:18/11/2025;885,00;4.664.713,06
19.11.2025;Ýþyeri no:000000000771359,Tutar : 13590,06 Komisyon : 0,Bloke No : 1725239866, BT: 19/10/2025, ÇT:18/11/2025;13590,06;4.663.828,06
19.11.2025;Ýþyeri no:000000000771359,Tutar : 5651,22 Komisyon : 0,Bloke No : 1725239862, BT: 19/10/2025, ÇT:18/11/2025;5651,22;4.650.238,00
18.11.2025;MESAJ ÜCRETÝ TUTARI;-0,60;4.644.586,78
18.11.2025;BSMV TUTARI;-0,58;4.644.587,38
18.11.2025;KOMÝSYON TUTARI;-11,62;4.644.587,96
18.11.2025;QNB Bank A.Þ./TR450011100000000040168465-ÝSLÝM KENDÝRCÝ/ÝSLÝM KENDÝRCÝ Cari hesabýmýza mahsubenFAST iþlemi;-22680,00;4.644.599,58
18.11.2025;Ýþyeri no:000000000771359,Tutar : 3796,9 Komisyon : 0,Bloke No : 1757714294, BT: 02/11/2025, ÇT:17/11/2025;3796,90;4.667.279,58
18.11.2025;Ýþyeri no:000000000771359,Tutar : 240 Komisyon : 0,Bloke No : 1757714292, BT: 02/11/2025, ÇT:17/11/2025;240,00;4.663.482,68
18.11.2025;Ýþyeri no:000000000771359,Tutar : 1391,6 Komisyon : 0,Bloke No : 1757714291, BT: 02/11/2025, ÇT:17/11/2025;1391,60;4.663.242,68
18.11.2025;Ýþyeri no:000000000771359,Tutar : 2074 Komisyon : 0,Bloke No : 1722701227, BT: 18/10/2025, ÇT:17/11/2025;2074,00;4.661.851,08
18.11.2025;Ýþyeri no:000000000771359,Tutar : 508,1 Komisyon : 0,Bloke No : 1722701225, BT: 18/10/2025, ÇT:17/11/2025;508,10;4.659.777,08
18.11.2025;Ýþyeri no:000000000771359,Tutar : 1005,8 Komisyon : 0,Bloke No : 1722701213, BT: 18/10/2025, ÇT:17/11/2025;1005,80;4.659.268,98
18.11.2025;Ýþyeri no:000000000771359,Tutar : 1293 Komisyon : 0,Bloke No : 1722701211, BT: 18/10/2025, ÇT:17/11/2025;1293,00;4.658.263,18
18.11.2025;Ýþyeri no:000000000771359,Tutar : 977 Komisyon : 0,Bloke No : 1722701209, BT: 18/10/2025, ÇT:17/11/2025;977,00;4.656.970,18
18.11.2025;Ýþyeri no:000000000771359,Tutar : 693,3 Komisyon : 0,Bloke No : 1757714287, BT: 02/11/2025, ÇT:17/11/2025;693,30;4.655.993,18
18.11.2025;Ýþyeri no:000000000771359,Tutar : 5590,16 Komisyon : 0,Bloke No : 1757714285, BT: 02/11/2025, ÇT:17/11/2025;5590,16;4.655.299,88
18.11.2025;Ýþyeri no:000000000771359,Tutar : 2880,5 Komisyon : 0,Bloke No : 1757714283, BT: 02/11/2025, ÇT:17/11/2025;2880,50;4.649.709,72
18.11.2025;Ýþyeri no:000000000771359,Tutar : 3341,88 Komisyon : 0,Bloke No : 1722701224, BT: 18/10/2025, ÇT:17/11/2025;3341,88;4.646.829,22
18.11.2025;Ýþyeri no:000000000771359,Tutar : 2965 Komisyon : 0,Bloke No : 1722701222, BT: 18/10/2025, ÇT:17/11/2025;2965,00;4.643.487,34
18.11.2025;Ýþyeri no:000000000771359,Tutar : 17213,72 Komisyon : 0,Bloke No : 1722701221, BT: 18/10/2025, ÇT:17/11/2025;17213,72;4.640.522,34
18.11.2025;Ýþyeri no:000000000771359,Tutar : 100 Komisyon : 0,Bloke No : 1722701219, BT: 18/10/2025, ÇT:17/11/2025;100,00;4.623.308,62
18.11.2025;Ýþyeri no:000000000771359,Tutar : 4987,4 Komisyon : 0,Bloke No : 1722701217, BT: 18/10/2025, ÇT:17/11/2025;4987,40;4.623.208,62
18.11.2025;Ýþyeri no:000000000771359,Tutar : 1819,1 Komisyon : 0,Bloke No : 1722701215, BT: 18/10/2025, ÇT:17/11/2025;1819,10;4.618.221,22
18.11.2025;Ýþyeri no:000000000771359,Tutar : 180 Komisyon : 0,Bloke No : 1722701207, BT: 18/10/2025, ÇT:17/11/2025;180,00;4.616.402,12
18.11.2025;Ýþyeri no:000000000771359,Tutar : 19176,86 Komisyon : 0,Bloke No : 1722701205, BT: 18/10/2025, ÇT:17/11/2025;19176,86;4.616.222,12
18.11.2025;Ýþyeri no:000000000771359,Tutar : 17941,64 Komisyon : 0,Bloke No : 1722701204, BT: 18/10/2025, ÇT:17/11/2025;17941,64;4.597.045,26
18.11.2025;Ýþyeri no:000000000771359,Tutar : 2426,4 Komisyon : 0,Bloke No : 1722701202, BT: 18/10/2025, ÇT:17/11/2025;2426,40;4.579.103,62
18.11.2025;Ýþyeri no:000000000771359,Tutar : 27179,25 Komisyon : 0,Bloke No : 1722701200, BT: 18/10/2025, ÇT:17/11/2025;27179,25;4.576.677,22
18.11.2025;Ýþyeri no:000000000771359,Tutar : 9604,42 Komisyon : 0,Bloke No : 1722701198, BT: 18/10/2025, ÇT:17/11/2025;9604,42;4.549.497,97
18.11.2025;Ýþyeri no:000000000771359,Tutar : 3270,6 Komisyon : 0,Bloke No : 1722701196, BT: 18/10/2025, ÇT:17/11/2025;3270,60;4.539.893,55
17.11.2025;Ýþyeri no:000000000771359,Tutar : 96 Komisyon : 0,Bloke No : 1755552274, BT: 01/11/2025, ÇT:16/11/2025;96,00;4.536.622,95
17.11.2025;Ýþyeri no:000000000771359,Tutar : 3416,9 Komisyon : 0,Bloke No : 1755552272, BT: 01/11/2025, ÇT:16/11/2025;3416,90;4.536.526,95
17.11.2025;Ýþyeri no:000000000771359,Tutar : 685,2 Komisyon : 0,Bloke No : 1755552270, BT: 01/11/2025, ÇT:16/11/2025;685,20;4.533.110,05
17.11.2025;Ýþyeri no:000000000771359,Tutar : 2178 Komisyon : 0,Bloke No : 1720241647, BT: 17/10/2025, ÇT:16/11/2025;2178,00;4.532.424,85
17.11.2025;Ýþyeri no:000000000771359,Tutar : 1269 Komisyon : 0,Bloke No : 1720241645, BT: 17/10/2025, ÇT:16/11/2025;1269,00;4.530.246,85
17.11.2025;Ýþyeri no:000000000771359,Tutar : 1526 Komisyon : 0,Bloke No : 1720241643, BT: 17/10/2025, ÇT:16/11/2025;1526,00;4.528.977,85
17.11.2025;Ýþyeri no:000000000771359,Tutar : 324 Komisyon : 0,Bloke No : 1720241634, BT: 17/10/2025, ÇT:16/11/2025;324,00;4.527.451,85
17.11.2025;Ýþyeri no:000000000771359,Tutar : 675,5 Komisyon : 0,Bloke No : 1720241632, BT: 17/10/2025, ÇT:16/11/2025;675,50;4.527.127,85
17.11.2025;Ýþyeri no:000000000771359,Tutar : 124,5 Komisyon : 0,Bloke No : 1720241630, BT: 17/10/2025, ÇT:16/11/2025;124,50;4.526.452,35
17.11.2025;Ýþyeri no:000000000771359,Tutar : 967 Komisyon : 0,Bloke No : 1755552266, BT: 01/11/2025, ÇT:16/11/2025;967,00;4.526.327,85
17.11.2025;Ýþyeri no:000000000771359,Tutar : 4936,5 Komisyon : 0,Bloke No : 1755552264, BT: 01/11/2025, ÇT:16/11/2025;4936,50;4.525.360,85
17.11.2025;Ýþyeri no:000000000771359,Tutar : 6001,9 Komisyon : 0,Bloke No : 1755552261, BT: 01/11/2025, ÇT:16/11/2025;6001,90;4.520.424,35
17.11.2025;Ýþyeri no:000000000771359,Tutar : 2179,5 Komisyon : 0,Bloke No : 1720241641, BT: 17/10/2025, ÇT:16/11/2025;2179,50;4.514.422,45
17.11.2025;Ýþyeri no:000000000771359,Tutar : 1446 Komisyon : 0,Bloke No : 1720241639, BT: 17/10/2025, ÇT:16/11/2025;1446,00;4.512.242,95
17.11.2025;Ýþyeri no:000000000771359,Tutar : 9318,81 Komisyon : 0,Bloke No : 1720241637, BT: 17/10/2025, ÇT:16/11/2025;9318,81;4.510.796,95
17.11.2025;Ýþyeri no:000000000771359,Tutar : 2688,2 Komisyon : 0,Bloke No : 1720241636, BT: 17/10/2025, ÇT:16/11/2025;2688,20;4.501.478,14
17.11.2025;Ýþyeri no:000000000771359,Tutar : 6719,95 Komisyon : 0,Bloke No : 1720241628, BT: 17/10/2025, ÇT:16/11/2025;6719,95;4.498.789,94
17.11.2025;Ýþyeri no:000000000771359,Tutar : 11314,11 Komisyon : 0,Bloke No : 1720241627, BT: 17/10/2025, ÇT:16/11/2025;11314,11;4.492.069,99
17.11.2025;Ýþyeri no:000000000771359,Tutar : 1365 Komisyon : 0,Bloke No : 1720241625, BT: 17/10/2025, ÇT:16/11/2025;1365,00;4.480.755,88
17.11.2025;Ýþyeri no:000000000771359,Tutar : 15560,01 Komisyon : 0,Bloke No : 1720241623, BT: 17/10/2025, ÇT:16/11/2025;15560,01;4.479.390,88
17.11.2025;Ýþyeri no:000000000771359,Tutar : 4326,94 Komisyon : 0,Bloke No : 1720241619, BT: 17/10/2025, ÇT:16/11/2025;4326,94;4.463.830,87
16.11.2025;Ýþyeri no:000000000771359,Tutar : 199 Komisyon : 0,Bloke No : 1717704736, BT: 16/10/2025, ÇT:15/11/2025;199,00;4.459.503,93
16.11.2025;Ýþyeri no:000000000771359,Tutar : 391,2 Komisyon : 0,Bloke No : 1717704734, BT: 16/10/2025, ÇT:15/11/2025;391,20;4.459.304,93
16.11.2025;Ýþyeri no:000000000771359,Tutar : 2793,4 Komisyon : 0,Bloke No : 1717704733, BT: 16/10/2025, ÇT:15/11/2025;2793,40;4.458.913,73
16.11.2025;Ýþyeri no:000000000771359,Tutar : 2753,35 Komisyon : 0,Bloke No : 1717704731, BT: 16/10/2025, ÇT:15/11/2025;2753,35;4.456.120,33
16.11.2025;Ýþyeri no:000000000771359,Tutar : 1130,6 Komisyon : 0,Bloke No : 1717704719, BT: 16/10/2025, ÇT:15/11/2025;1130,60;4.453.366,98
16.11.2025;Ýþyeri no:000000000771359,Tutar : 306 Komisyon : 0,Bloke No : 1717704717, BT: 16/10/2025, ÇT:15/11/2025;306,00;4.452.236,38
16.11.2025;Ýþyeri no:000000000771359,Tutar : 783,48 Komisyon : 0,Bloke No : 1717704715, BT: 16/10/2025, ÇT:15/11/2025;783,48;4.451.930,38
16.11.2025;Ýþyeri no:000000000771359,Tutar : 5002,4 Komisyon : 0,Bloke No : 1717704728, BT: 16/10/2025, ÇT:15/11/2025;5002,40;4.451.146,90
16.11.2025;Ýþyeri no:000000000771359,Tutar : 12617,3 Komisyon : 0,Bloke No : 1717704727, BT: 16/10/2025, ÇT:15/11/2025;12617,30;4.446.144,50
16.11.2025;Ýþyeri no:000000000771359,Tutar : 11679,94 Komisyon : 0,Bloke No : 1717704725, BT: 16/10/2025, ÇT:15/11/2025;11679,94;4.433.527,20
16.11.2025;Ýþyeri no:000000000771359,Tutar : 70,4 Komisyon : 0,Bloke No : 1717704723, BT: 16/10/2025, ÇT:15/11/2025;70,40;4.421.847,26
16.11.2025;Ýþyeri no:000000000771359,Tutar : 5246,5 Komisyon : 0,Bloke No : 1717704721, BT: 16/10/2025, ÇT:15/11/2025;5246,50;4.421.776,86
16.11.2025;Ýþyeri no:000000000771359,Tutar : 796 Komisyon : 0,Bloke No : 1717704714, BT: 16/10/2025, ÇT:15/11/2025;796,00;4.416.530,36
16.11.2025;Ýþyeri no:000000000771359,Tutar : 15174,8 Komisyon : 0,Bloke No : 1717704712, BT: 16/10/2025, ÇT:15/11/2025;15174,80;4.415.734,36
16.11.2025;Ýþyeri no:000000000771359,Tutar : 2262 Komisyon : 0,Bloke No : 1717704710, BT: 16/10/2025, ÇT:15/11/2025;2262,00;4.400.559,56
16.11.2025;Ýþyeri no:000000000771359,Tutar : 332 Komisyon : 0,Bloke No : 1717704709, BT: 16/10/2025, ÇT:15/11/2025;332,00;4.398.297,56
16.11.2025;Ýþyeri no:000000000771359,Tutar : 24382,27 Komisyon : 0,Bloke No : 1717704707, BT: 16/10/2025, ÇT:15/11/2025;24382,27;4.397.965,56
16.11.2025;Ýþyeri no:000000000771359,Tutar : 9818 Komisyon : 0,Bloke No : 1717704705, BT: 16/10/2025, ÇT:15/11/2025;9818,00;4.373.583,29
16.11.2025;Ýþyeri no:000000000771359,Tutar : 3064 Komisyon : 0,Bloke No : 1717704701, BT: 16/10/2025, ÇT:15/11/2025;3064,00;4.363.765,29
